Tap,pleasefollowgtheguidlines,25,pleasefollowgtheguidlines,25,100,-,-,0,-,-,-,-,-,-,M_D_Y H_M_S - 5_12_2022 - 3_17_55 PM
Tap,watchoutforlowflyingobjrcts,27,watchoutforlowflyingobjrcts,27,100,-,-,0,-,-,-,-,-,-,M_D_Y H_M_S - 5_12_2022 - 3_17_55 PM
Tap,thesebarracksarebigenough,25,thesebarracksarebigenough,25,100,-,-,0,-,-,-,-,-,-,M_D_Y H_M_S - 5_12_2022 - 3_17_55 PM
Tap,theplugdoesnotfitthepocket,26,theplugdoesnotfitthepocket,26,100,-,-,0,-,-,-,-,-,-,M_D_Y H_M_S - 5_12_2022 - 3_17_55 PM
Tap,therearewinnersandlosers,24,therearewinnersandlosers,24,100,-,-,0,-,-,-,-,-,-,M_D_Y H_M_S - 5_12_2022 - 3_17_55 PM
Tap,relationsareverystrained,24,relationsareverystrained,24,100,-,-,0,-,-,-,-,-,-,M_D_Y H_M_S - 5_12_2022 - 3_17_55 PM
Tap,yourpresentationwasinspiring,28,yourpresentationwasinspiring,28,100,-,-,0,-,-,-,-,-,-,M_D_Y H_M_S - 5_12_2022 - 3_17_55 PM
Tap,victimfddeservemoreredless,26,victimfddeservemoreredless,26,100,-,-,0,-,-,-,-,-,-,M_D_Y H_M_S - 5_12_2022 - 3_17_55 PM
Tap,teachingserviceswillhelp,24,teachingserviceswillhelp,24,100,-,-,0,-,-,-,-,-,-,M_D_Y H_M_S - 5_12_2022 - 3_17_55 PM
Tap,nothingwrongwithhisstyle,24,nothingwrongwithhisstyle,24,100,-,-,0,-,-,-,-,-,-,M_D_Y H_M_S - 5_12_2022 - 3_17_55 PM
Tap,flashingredlightmeansstopo,26,flashingredlightmeansstopo,26,100,-,-,0,-,-,-,-,-,-,M_D_Y H_M_S - 5_12_2022 - 3_17_55 PM
Tap,universitiesaretooexpensive,27,universitiesaretooexpensive,27,100,-,-,0,-,-,-,-,-,-,M_D_Y H_M_S - 5_12_2022 - 3_17_55 PM
Tap,therationalbehindthedecision,28,therationalbehindthedecision,28,100,-,-,0,-,-,-,-,-,-,M_D_Y H_M_S - 5_12_2022 - 3_17_55 PM
Tap,seasonedgolferslovethegame,26,seasonedgolferslovethegame,26,100,-,-,0,-,-,-,-,-,-,M_D_Y H_M_S - 5_12_2022 - 3_17_55 PM
Tap,chemicalspilltookforeveri,25,chemicalspilltookforeveri,25,100,-,-,0,-,-,-,-,-,-,M_D_Y H_M_S - 5_12_2022 - 3_17_55 PM
Tap,sprawlingsubdivisiosarebad,26,sprawlingsubdivisiosarebad,26,100,-,-,0,-,-,-,-,-,-,M_D_Y H_M_S - 5_12_2022 - 3_17_55 PM
Tap,thisphenomenonwillneveroccur,28,thisphenomenonwillneveroccur,28,100,-,-,0,-,-,-,-,-,-,M_D_Y H_M_S - 5_12_2022 - 3_17_55 PM
Tap,theproprietorwasunavailable,27,theproprietorwasunavailable,27,100,-,-,0,-,-,-,-,-,-,M_D_Y H_M_S - 5_12_2022 - 3_17_55 PM
Tap,electriccarsneedbigfuelcells,28,electriccarsneedbigfuelcells,28,100,-,-,0,-,-,-,-,-,-,M_D_Y H_M_S - 5_12_2022 - 3_17_55 PM
Tap,hermajestyvisitedooifvhefb,26,hermajestyvisitedooifvhefb,26,100,-,-,0,-,-,-,-,-,-,M_D_Y H_M_S - 5_12_2022 - 3_17_55 PM
Tap,sixdaughtersandsevensond,24,sixdaughtersandsevensond,24,100,-,-,0,-,-,-,-,-,-,M_D_Y H_M_S - 5_12_2022 - 3_17_55 PM
Tap,jhosewothnewelectricpanel,25,jhosewothnewelectricpanel,25,100,-,-,0,-,-,-,-,-,-,M_D_Y H_M_S - 5_12_2022 - 3_17_55 PM
Tap,thegenerationgapgetswider,25,thegenerationgapgetswider,25,100,-,-,0,-,-,-,-,-,-,M_D_Y H_M_S - 5_12_2022 - 3_17_55 PM
Tap,thislibtaruhasmanybooks,23,thislibtaruhasmanybooks,23,100,-,-,0,-,-,-,-,-,-,M_D_Y H_M_S - 5_12_2022 - 3_17_55 PM
Tap,pleasekeeothisconfidential,26,pleasekeeothisconfidential,26,100,-,-,0,-,-,-,-,-,-,M_D_Y H_M_S - 5_12_2022 - 3_17_55 PM
Tap,ourlifeexpectancyhasincreased,29,ourlifeexpectancyhasincreased,29,100,-,-,0,-,-,-,-,-,-,M_D_Y H_M_S - 5_12_2022 - 3_17_55 PM
Tap,thecoronationwasveryexciting,28,thecoronationwasveryexciting,28,100,-,-,0,-,-,-,-,-,-,M_D_Y H_M_S - 5_12_2022 - 3_17_55 PM
Tap,medievaltimeswereveryhard,25,medievaltimeswereveryhard,25,100,-,-,0,-,-,-,-,-,-,M_D_Y H_M_S - 5_12_2022 - 3_17_55 PM
Tap,interestingobservationwasmade,29,interestingobservationwasmade,29,100,-,-,0,-,-,-,-,-,-,M_D_Y H_M_S - 5_12_2022 - 3_17_55 PM
Tap,prevalingwindfromtheeast,24,prevalingwindfromtheeast,24,100,-,-,0,-,-,-,-,-,-,M_D_Y H_M_S - 5_12_2022 - 3_17_55 PM
Tap,rxcdeedthemaximumspeedlimit,27,rxcdeedthemaximumspeedlimit,27,100,-,-,0,-,-,-,-,-,-,M_D_Y H_M_S - 5_12_2022 - 3_17_55 PM
Tap,thrassaulttooksixmonthd,23,thrassaulttooksixmonthd,23,100,-,-,0,-,-,-,-,-,-,M_D_Y H_M_S - 5_12_2022 - 3_17_55 PM
Tap,theeaterwasmonitoreddaily,25,theeaterwasmonitoreddaily,25,100,-,-,0,-,-,-,-,-,-,M_D_Y H_M_S - 5_12_2022 - 3_17_55 PM
Tap,theearlybirdgetstheworm,23,theearlybirdgetstheworm,23,100,-,-,0,-,-,-,-,-,-,M_D_Y H_M_S - 5_12_2022 - 3_17_55 PM
Tap,liedetectortestsneverwork,25,liedetectortestsneverwork,25,100,-,-,0,-,-,-,-,-,-,M_D_Y H_M_S - 5_12_2022 - 3_17_55 PM
Tap,nevertoorichandnvertoothin,26,nevertoorichandnvertoothin,26,100,-,-,0,-,-,-,-,-,-,M_D_Y H_M_S - 5_12_2022 - 3_17_55 PM
Tap,apartmentaretooexpensive,24,apartmentaretooexpensive,24,100,-,-,0,-,-,-,-,-,-,M_D_Y H_M_S - 5_12_2022 - 3_17_55 PM
Tap,thracceptancespeechwasboring,28,thracceptancespeechwasboring,28,100,-,-,0,-,-,-,-,-,-,M_D_Y H_M_S - 5_12_2022 - 3_17_55 PM
Tap,playersmustknowalltherules,26,playersmustknowalltherules,26,100,-,-,0,-,-,-,-,-,-,M_D_Y H_M_S - 5_12_2022 - 3_17_55 PM
Tap,touretiquetteneedssomework,26,touretiquetteneedssomework,26,100,-,-,0,-,-,-,-,-,-,M_D_Y H_M_S - 5_12_2022 - 3_17_55 PM
Tap,circeumstanceareunacceptable,28,circeumstanceareunacceptable,28,100,-,-,0,-,-,-,-,-,-,M_D_Y H_M_S - 5_12_2022 - 3_17_55 PM
Tap,thefourtheditionwasbetter,25,thefourtheditionwasbetter,25,100,-,-,0,-,-,-,-,-,-,M_D_Y H_M_S - 5_12_2022 - 3_17_55 PM
Tap,correctyourdictionimmediately,29,correctyourdictionimmediately,29,100,-,-,0,-,-,-,-,-,-,M_D_Y H_M_S - 5_12_2022 - 3_17_55 PM
Tap,circumstamcesareunacceptable,28,circumstamcesareunacceptable,28,100,-,-,0,-,-,-,-,-,-,M_D_Y H_M_S - 5_12_2022 - 4_06_30 PM
Tap,interestingobservationwasmade,29,interestingobservationwasmade,29,100,-,-,0,-,-,-,-,-,-,M_D_Y H_M_S - 5_12_2022 - 4_06_30 PM
Tap,thewaterwasmonitoreddaily,25,thewaterwasmonitoreddaily,25,100,-,-,0,-,-,-,-,-,-,M_D_Y H_M_S - 5_12_2022 - 4_06_30 PM
Tap,thecornationwasveyexciting,26,thecornationwasveyexciting,26,100,-,-,0,-,-,-,-,-,-,M_D_Y H_M_S - 5_12_2022 - 4_06_30 PM
Tap,nothingwromwithhisstyle,23,nothingwromwithhisstyle,23,100,-,-,0,-,-,-,-,-,-,M_D_Y H_M_S - 5_12_2022 - 4_06_30 PM
Tap,pleasefollowtheguilines,23,pleasefollowtheguilines,23,100,-,-,0,-,-,-,-,-,-,M_D_Y H_M_S - 5_12_2022 - 4_06_30 PM
Tap,seasonedgoldfersnlovethegame,28,seasonedgoldfersnlovethegame,28,100,-,-,0,-,-,-,-,-,-,M_D_Y H_M_S - 5_12_2022 - 4_06_30 PM
