Tap,correftyouf,11,correftyouf,11,100,-,-,0,-,-,-,-,-,-,M_D_Y H_M_S - 5_20_2022 - 5_10_58 PM
Tap,thenproprietorwasunavailable,28,thenproprietorwasthenproprietorwasjthenproprietorwasunavailable,63,100,,0,0,3,2,50,2,50,0,M_D_Y H_M_S - 5_20_2022 - 5_10_58 PM
Tap,justwhatbthedoctorordered,25,justwhatbthedoctorordered,25,100,-,-,0,-,-,-,-,-,-,M_D_Y H_M_S - 5_20_2022 - 5_10_58 PM
Tap,nothingwrongwiththisstyle,25,nothingwrongwiththisstyle,25,100,-,-,0,-,-,-,-,-,-,M_D_Y H_M_S - 5_20_2022 - 5_10_58 PM
Tap,ourlifeexpextancyhasincreased,29,ourlifeexpextancyhasincreased,29,100,-,-,0,-,-,-,-,-,-,M_D_Y H_M_S - 5_20_2022 - 5_10_58 PM
Tap,flashingredlightmeansstop,25,flashingredlightmeansstop,25,100,-,-,0,-,-,-,-,-,-,M_D_Y H_M_S - 5_20_2022 - 5_10_58 PM
Tap,thegenerationmgapgetswider,26,thegenerationmgapgetswider,26,100,-,-,0,-,-,-,-,-,-,M_D_Y H_M_S - 5_20_2022 - 5_10_58 PM
Tap,thislibraryhasmanybooks,23,thislibraryhasmanybooks,23,100,-,-,0,-,-,-,-,-,-,M_D_Y H_M_S - 5_20_2022 - 5_10_58 PM
Tap,universitiesaretooexpensive,27,universitiesaretooexpensive,27,100,-,-,0,-,-,-,-,-,-,M_D_Y H_M_S - 5_20_2022 - 5_10_58 PM
Tap,playersmustknowalltherules,26,playersmustknowalltherules,26,100,-,-,0,-,-,-,-,-,-,M_D_Y H_M_S - 5_20_2022 - 5_10_58 PM
