Tap,nothingwrongwihhisthui,22,nothingwrongwihhisthui,22,100,-,-,0,-,-,-,-,-,-,M_D_Y H_M_S - 5_20_2022 - 8_50_31 PM
Tap,thecoronakkjnwasnuibexctinb,27,thecoronakkjnwasnuibexctinb,27,100,-,-,0,-,-,-,-,-,-,M_D_Y H_M_S - 5_20_2022 - 8_50_31 PM
Tap,nevertoorichandnevertoothimndvkj,32,nevertoorichandnevertoothimndvkj,32,100,-,-,0,-,-,-,-,-,-,M_D_Y H_M_S - 5_20_2022 - 8_50_31 PM
Tap,apartmentsareorjgjkacvnkzkjga,29,apartmentsareorjgjkacvnkzkjga,29,100,-,-,0,-,-,-,-,-,-,M_D_Y H_M_S - 5_20_2022 - 8_50_31 PM
Tap,flashingredlightmeansstop,25,flashingredlightmeansstop,25,100,-,-,0,-,-,-,-,-,-,M_D_Y H_M_S - 5_20_2022 - 8_54_58 PM
Tap,justwhatthedoctororfdafd,24,justwhatthedoctororfdafd,24,100,-,-,0,-,-,-,-,-,-,M_D_Y H_M_S - 5_20_2022 - 8_54_58 PM
Tap,nothingwrongzkfdhhisstyle,25,nothingwrongzkfdhhisstyle,25,100,-,-,0,-,-,-,-,-,-,M_D_Y H_M_S - 5_20_2022 - 8_54_58 PM
Tap,thewaterwasmanitore,19,thewaterwasmanitore,19,100,-,-,0,-,-,-,-,-,-,M_D_Y H_M_S - 5_20_2022 - 8_54_58 PM
Tap,,0,,0,100,-,-,0,-,-,-,-,-,-,M_D_Y H_M_S - 5_20_2022 - 8_54_58 PM
Tap,eatugfarepredictable,20,eatugfarepredictable,20,100,-,-,0,-,-,-,-,-,-,M_D_Y H_M_S - 5_20_2022 - 8_54_58 PM
Tap,thepropritorwasunavailbe,24,thepropritorwasunavailbe,24,100,-,-,0,-,-,-,-,-,-,M_D_Y H_M_S - 5_20_2022 - 8_54_58 PM
Tap,yourpresetationwasinspiring,27,yourpresetationwasinspiring,27,100,-,-,0,-,-,-,-,-,-,M_D_Y H_M_S - 5_20_2022 - 8_54_58 PM
Tap,sixdaughtersandseversons,24,sixsixdaughtersandseversons,27,100,,0,0,0,0,0,1,100,0,M_D_Y H_M_S - 5_20_2022 - 8_54_58 PM
Tap,circumtancesareunacceptable,27,circumtancesareunacceptable,27,100,-,-,0,-,-,-,-,-,-,M_D_Y H_M_S - 5_20_2022 - 8_54_58 PM
